id,category,name,code,capacity,make,model,year,remarks
MC-001,Press Shop,PNEUMATIC PREES  M/C,QTI/P-MC/01,35-TON,AMADA,Industrial Grade,In Production,
MC-002,Press Shop,PNEUMATIC PREES  M/C,QTI/P-MC/02,35-TON,XX WASINO,Industrial Grade,In Production,
MC-003,Press Shop,PNEUMATIC PREES  M/C,QTI/P-MC/03,45-TON,AIDA,Industrial Grade,In Production,
MC-004,Press Shop,PNEUMATIC PREES  M/C,QTI/P-MC/04,80-TON,KOMATSU,Industrial Grade,In Production,
MC-005,Press Shop,PNEUMATIC PREES  M/C,QTI/P-MC/05,80-TON,KOMATSU,Industrial Grade,In Production,
MC-006,Press Shop,PNEUMATIC PREES  M/C,QTI/P-MC/06,60-TON,KOMATSU,Industrial Grade,In Production,
MC-007,Press Shop,PNEUMATIC PREES  M/C,QTI/P-MC/07,60-TON,AMADA,Industrial Grade,In Production,
MC-008,Press Shop,PNEUMATIC PREES  M/C,QTI/P-MC/08,80-TON,AIDA,Industrial Grade,In Production,
MC-009,Press Shop,PNEUMATIC PREES  M/C,QTI/P-MC/09,80-TON,AIDA,Industrial Grade,In Production,
MC-010,Press Shop,PNEUMATIC PREES  M/C,QTI/P-MC/10,80-TON,KOMATSU,Industrial Grade,In Production,
MC-011,Press Shop,PNEUMATIC PREES  M/C,QTI/P-MC/11,110-TON,SEYI,Industrial Grade,In Production,
MC-012,Press Shop,PNEUMATIC PREES  M/C,QTI/P-MC/12,150-TON,AIDA,Industrial Grade,In Production,
MC-013,Press Shop,PNEUMATIC PREES  M/C,QTI/P-MC/13,150-TON,KOMATSU,Industrial Grade,In Production,
MC-014,Press Shop,PNEUMATIC PREES  M/C,QTI/P-MC/14,160-TON,SEYI,Industrial Grade,In Production,
MC-015,Press Shop,PNEUMATIC PREES  M/C,QTI/P-MC/15,110-TON,KOMATSU,Industrial Grade,In Production,
MC-016,Press Shop,PNEUMATIC PREES  M/C,QTI/P-MC/16,200-TON,KOMATSU,Industrial Grade,In Production,
MC-017,Press Shop,PNEUMATIC PREES  M/C,QTI/P-MC/17,200-TON,OCP,Industrial Grade,In Production,
MC-018,Press Shop,PNEUMATIC PREES  M/C,QTI/P-MC/18,250-TON,SEYI,Industrial Grade,In Production,
MC-019,Press Shop,PNEUMATIC PREES  M/C,QTI/P-MC/19,250-TON,LI-CHIN,Industrial Grade,In Production,
MC-020,Press Shop,PNEUMATIC PREES  M/C,QTI/P-MC/20,500-TON,MAX-ISGEC,Industrial Grade,In Production,
MC-021,Press Shop,PNEUMATIC PREES  M/C,QTI/P-MC/21,200-TON,SEYI,Industrial Grade,In Production,
MC-022,Press Shop,PNEUMATIC PREES  M/C,QTI/P-MC/22,100-TON,IMPRESS,Industrial Grade,In Production,
MC-023,Press Shop,PNEUMATIC PREES  M/C,QTI/P-MC/23,110-TON,SNX,Industrial Grade,In Production,
MC-024,Press Shop,PNEUMATIC PREES  M/C,QTI/P-MC/24,150TON,AMADA,Industrial Grade,In Production,
MC-025,Press Shop,PNEUMATIC PREES  M/C,QTI/P-MC/25,110TON,"YANGZHOU MATELFORMING MACHINE GROUP - CO.,LTD.",Industrial Grade,In Production,
MC-026,Press Shop,HYDRAULIC PRESS M/C,QTI/HP-MC/01,400 TON,MAX-ISGEC,Industrial Grade,In Production,
MC-027,Press Shop,HYDRAULIC PRESS M/C,QTI/HP-MC/02,150 TON,Special Purpose / OEM,Industrial Grade,In Production,
MC-028,Press Shop,HYDRAULIC SHEARING M/C,QTI/SH-MC/01,13MM,WELDOR,Industrial Grade,In Production,
MC-029,Press Shop,HYDRAULIC SHEARING M/C,QTI/SH-MC/02,13MM,AMADA,Industrial Grade,In Production,
MC-030,Press Shop,HYDRAULIC SHEARING M/C,QTI/SH-MC/03,13MM,AMADA,Industrial Grade,In Production,
MC-031,Press Shop,HYDRAULIC SHEARING M/C,QTI/SH-MC/04,4MM,HINDUSTAN,Industrial Grade,In Production,
MC-032,Press Shop,HYDRAULIC SHEARING M/C,QTI/SH-MC/05,8MM,HINDUSTAN,Industrial Grade,In Production,
MC-033,Press Shop,PREES BRAKE M/C,QTI/PB-MC/01,40-TON,RAGOS,Industrial Grade,In Production,
MC-034,Press Shop,PREES BRAKE M/C,QTI/PB-MC/02,35-TON,AMADA,Industrial Grade,In Production,
MC-035,Press Shop,PREES BRAKE M/C,QTI/PB-MC/03,130-TON,TRUMPF,Industrial Grade,In Production,
MC-036,Press Shop,PREES BRAKE M/C,QTI/PB-MC/04,350-TON,WELDOR,Industrial Grade,In Production,
MC-037,Press Shop,PREES BRAKE M/C,QTI/PB-MC/05,250-TON,AMADA,Industrial Grade,In Production,
MC-038,Press Shop,AIR COMPRESSOR M/C,QTI/AC-MC/01,25 Hp,KAESER,Industrial Grade,In Production,
MC-039,Press Shop,AIR COMPRESSOR M/C,QTI/AC-MC/02,7.5Hp,CRICAGO PNEMATIC,Industrial Grade,In Production,
MC-040,Press Shop,HYDRAULIC STRETCHES M/C,QTI/HS-MC/01,400KN,SUZHOU YUEHAI STRETCHING MACHINERY,Industrial Grade,In Production,
MC-041,Press Shop,HYDRAULIC STRETCHES M/C,QTI/HS-MC/02,630KN,SUZHOU YUEHAI STRETCHING MACHINERY,Industrial Grade,In Production,
MC-042,Press Shop,STRAIGHTENER-FEEDER M/C,QTI/SF-MC/01,3MM,ORII,Industrial Grade,In Production,
MC-043,Press Shop,PLATE LEVELING STRAIGHTENING  M/C,QTI/LV-MC/01,12 MM,China Make,Industrial Grade,In Production,
MC-044,Press Shop,GENSET,QTI/GT-MC/02,250 KVA,OJUS POWER AND TECHNOLOGIES PVT.LTD,Industrial Grade,In Production,
MC-045,Welding Cell,WELDING MACHINE,QTI/W-MC/01,300 AMP,MEGMEET,Industrial Grade,In Production,
MC-046,Welding Cell,WELDING MACHINE,QTI/W-MC/02,300 AMP,MEGMEET,Industrial Grade,In Production,
MC-047,Welding Cell,WELDING MACHINE,QTI/W-MC/03,300 AMP,MEGMEET,Industrial Grade,In Production,
MC-048,Welding Cell,WELDING MACHINE,QTI/W-MC/04,300 AMP,MEGMEET,Industrial Grade,In Production,
MC-049,Welding Cell,WELDING MACHINE,QTI/W-MC/05,400 AMP,PROTECH,Industrial Grade,In Production,
MC-050,Welding Cell,WELDING MACHINE,QTI/W-MC/06,300 AMP,MEGMEET,Industrial Grade,In Production,
MC-051,Welding Cell,WELDING MACHINE,QTI/W-MC/07,300 AMP,MEGMEET,Industrial Grade,In Production,
MC-052,Welding Cell,WELDING MACHINE,QTI/W-MC/08,400 AMP,PROTECH,Industrial Grade,In Production,
MC-053,Welding Cell,WELDING MACHINE,QTI/W-MC/10,400 AMP,PROTECH,Industrial Grade,In Production,
MC-054,Welding Cell,WELDING MACHINE,QTI/W-MC/11,300 AMP,MEGMEET,Industrial Grade,In Production,
MC-055,Welding Cell,WELDING MACHINE,QTI/W-MC/12,300 AMP,MEGMEET,Industrial Grade,In Production,
MC-056,Welding Cell,WELDING MACHINE,QTI/W-MC/13,300 AMP,MEGMEET,Industrial Grade,In Production,
MC-057,Welding Cell,WELDING MACHINE,QTI/W-MC/14,300 AMP,MEGMEET,Industrial Grade,In Production,
MC-058,Welding Cell,WELDING MACHINE,QTI/W-MC/15,300 AMP,MEGMEET,Industrial Grade,In Production,
MC-059,Welding Cell,WELDING MACHINE,QTI/W-MC/16,300 AMP,MEGMEET,Industrial Grade,In Production,
MC-060,Welding Cell,LASER WELDING MACHINE,QTI/LW-MC/01,1KV,GI.EN-LASER,Industrial Grade,In Production,
MC-061,Welding Cell,PROJUCTION WELDING MACHINE,QTI/PW-MC/01,10KV,ACRTECH,Industrial Grade,In Production,
MC-062,Welding Cell,PROJUCTION WELDING MACHINE,QTI/PW-MC/02,10KV,ACRTECH,Industrial Grade,In Production,
MC-063,Welding Cell,SPOT WELDING MACHINE,QTI/SW-MC/01,75 KVA,NASH,Industrial Grade,In Production,
MC-064,Welding Cell,SPOT WELDING MACHINE,QTI/SW-MC/02,75 KVA,NASH,Industrial Grade,In Production,
MC-065,Welding Cell,ROBO WELDING MACHINE,QTI/RW-MC/01,350 AMP,YASKAWA,Industrial Grade,In Production,
MC-066,Welding Cell,ROBO WELDING MACHINE,QTI/RW-MC/02,350 AMP,YASKAWA,Industrial Grade,In Production,
MC-067,Welding Cell,ROBO WELDING MACHINE,QTI/RW-MC/03,400 AMP,KASVAKI,Industrial Grade,In Production,
MC-068,Drilling & Conventional Machining,LATHE MACHINE,QTI/L-MC/01,1440 RPM,PAYAL,Industrial Grade,In Production,
MC-069,Drilling & Conventional Machining,LATHE MACHINE,QTI/L-MC/02,1440 RPM,POORNIMA,Industrial Grade,In Production,
MC-070,Drilling & Conventional Machining,LATHE MACHINE,QTI/L-MC/03,1440 RPM,SOKHI MACHINE CRAFT,Industrial Grade,In Production,
MC-071,Drilling & Conventional Machining,LATHE MACHINE,QTI/L-MC/04,1440 RPM,MEGDUT,Industrial Grade,In Production,
MC-072,Drilling & Conventional Machining,LATHE MACHINE,QTI/L-MC/05,1500 RPM,SHOWA,Industrial Grade,In Production,
MC-073,Drilling & Conventional Machining,LATHE MACHINE,QTI/L-MC/06,1440 RPM,UNIVERSAL,Industrial Grade,In Production,
MC-074,Drilling & Conventional Machining,AUTO LATHE MACHINE,QTI/AL-MC/01,1400 RPM,TRAUB,Industrial Grade,In Production,
MC-075,Drilling & Conventional Machining,DRILLING  MACHINE,QTI/D-MC/01,1425 RPM,VERTEX,Industrial Grade,In Production,
MC-076,Drilling & Conventional Machining,DRILLING  MACHINE,QTI/D-MC/02,1440 RPM,EIFCO,Industrial Grade,In Production,
MC-077,Drilling & Conventional Machining,DRILLING  MACHINE,QTI/D-MC/03,1440 RPM,Special Purpose / OEM,Industrial Grade,In Production,
MC-078,Drilling & Conventional Machining,GANG DRILLING  MACHINE,QTI/GD-MC/01,1440 RPM,EIFCO,Industrial Grade,In Production,
MC-079,Drilling & Conventional Machining,GANG DRILLING  MACHINE,QTI/GD-MC/02,1600 RPM,WEBO,Industrial Grade,In Production,
MC-080,Drilling & Conventional Machining,GANG DRILLING  MACHINE,QTI/GD-MC/03,1920 RPM,POLLARD,Industrial Grade,In Production,
MC-081,Drilling & Conventional Machining,GANG DRILLING  MACHINE,QTI/GD-MC/04,1920 RPM,VEB,Industrial Grade,In Production,
MC-082,Drilling & Conventional Machining,VERTICAL MILLING MACHINE,QTI/VM-MC/01,1760 RPM,ENSHU,Industrial Grade,In Production,
MC-083,Drilling & Conventional Machining,VERTICAL MILLING MACHINE,QTI/VM-MC/02,1760 RPM,ENSHU,Industrial Grade,In Production,
MC-084,Drilling & Conventional Machining,VERTICAL MILLING MACHINE,QTI/VM-MC/03,1540 RPM,OTR,Industrial Grade,In Production,
MC-085,Drilling & Conventional Machining,VERTICAL MILLING MACHINE,QTI/VM-MC/04,1800 RPM,Okuma & Howa FM-2v,Industrial Grade,In Production,
MC-086,Drilling & Conventional Machining,VERTICAL MILLING MACHINE,QTI/VM-MC/05,1800 RPM,Okuma & Howa FM-2v,Industrial Grade,In Production,
MC-087,Drilling & Conventional Machining,GEDEE WEILER MACHINE,QTI/WL-MC/01,1080 RPM,GEDEE WEILER,Industrial Grade,In Production,
MC-088,Drilling & Conventional Machining,LATHE MACHINE,QTI/L-MC/07,1440 RPM,CROWN,Industrial Grade,In Production,
MC-089,Drilling & Conventional Machining,SLATING MACHINE,QTI/SL-MC/01,400 RPM,ORMEROD,Industrial Grade,In Production,
MC-090,Drilling & Conventional Machining,BENCH GRINDING,QTI-/BG-MC/01,Standard,Special Purpose / OEM,Industrial Grade,In Production,
MC-091,Powder Coating & Surface Treatment,SLIVER POWDER COATING BOOTH,QTI/PC-MC/01,Standard,PARI INDUSTRIES,Industrial Grade,In Production,
MC-092,Powder Coating & Surface Treatment,GREEN POWDER COATING BOOTH,QTI/PC-MC/02,Standard,PARI INDUSTRIES,Industrial Grade,In Production,
MC-093,Powder Coating & Surface Treatment,BLACK POWDER COATING BOOTH,QTI/PC-MC/03,Standard,PARI INDUSTRIES,Industrial Grade,In Production,
MC-094,Powder Coating & Surface Treatment,POWDER COATING OVEN - BLOWER,QTI/PC0-MC/01,15 KW,TWIN CITY FAN INDIA PVT.LTD,Industrial Grade,In Production,
MC-095,Powder Coating & Surface Treatment,POWDER COATING OVEN - BLOWER,QTI/PC0-MC/02,15 KW,TWIN CITY FAN INDIA PVT.LTD,Industrial Grade,In Production,
MC-096,Powder Coating & Surface Treatment,POWDER COATING OVEN -BURNER,QTI/PCB-MC/01,0.4KW,DANFUSS,Industrial Grade,In Production,
MC-097,Powder Coating & Surface Treatment,POWDER COATING CONVEYOR,QTI/PCC-MC/01,Standard,PARI INDUSTRIES,Industrial Grade,In Production,
MC-098,Powder Coating & Surface Treatment,POWDER COATING TRANSPORT,QTI/PCT-MC/01,5 HP,PARI INDUSTRIES,Industrial Grade,In Production,
MC-099,Powder Coating & Surface Treatment,KOD BURNER,QTI/KOD-MC/01,0.4 KW,DANFUSS,Industrial Grade,In Production,
MC-100,Powder Coating & Surface Treatment,DEGREASING BURNER,QTI/DGB-MC/01,0.4 KW,DANFUSS,Industrial Grade,In Production,
MC-101,Powder Coating & Surface Treatment,PHOSPATING BURNER,QTI/PSB-MC/01,0.4 KW,DANFUSS,Industrial Grade,In Production,
MC-102,Powder Coating & Surface Treatment,DRY OFF OVEN,QTI/DO-MC/01,Standard,RIELLO,Industrial Grade,In Production,
MC-103,Powder Coating & Surface Treatment,DRY OFF OVEN -BLOWER,QTI/DOB-MC/01,3.7 KW,RIELLO,Industrial Grade,In Production,
MC-104,Powder Coating & Surface Treatment,POWDER COATING COMPRESSOR,QTI/COM-MC/01,10 HP,CHICAGO PNEUMATIC,Industrial Grade,In Production,
MC-105,Powder Coating & Surface Treatment,POWDER COATING GENSET,QTI/PCG-MC/01,160 KVA,OJUS POWER AND TECHNOLOGIES PVT.LTD,Industrial Grade,In Production,
MC-106,Powder Coating & Surface Treatment,SHOT BLASTING,QTI/SB-MC/01,25 HP,Special Purpose / OEM,Industrial Grade,In Production,
MC-107,Powder Coating & Surface Treatment,GAS PLANT VAPOURISE,QTI/GP-MC/01,12 KW,SAFE CON,Industrial Grade,In Production,
MC-108,Powder Coating & Surface Treatment,GAS PLANT VAPOURISE,QTI/GP-MC/02,12 KW,SAFE CON,Industrial Grade,In Production,
MC-109,Tool Room & CNC Machining,SURFACE GRINDING,QTI/SG-MC/01,Standard,RATHODE ENGINERING,Industrial Grade,In Production,
MC-110,Tool Room & CNC Machining,SURFACE GRINDING,QTI/SG-MC/02,Standard,NICCO MACHINE TOOL CO.LTD,Industrial Grade,In Production,
MC-111,Tool Room & CNC Machining,SURFACE GRINDING,QTI/SG-MC/03,Standard,NICCO BRAND,Industrial Grade,In Production,
MC-112,Tool Room & CNC Machining,JIG BORING  M/C,QTI/JB-MC/01,Standard,OKUMA & HOWA,Industrial Grade,In Production,
MC-113,Tool Room & CNC Machining,JIG BORING  M/C,QTI/JB-MC/02,Standard,OKUMA & HOWA,Industrial Grade,In Production,
MC-114,Tool Room & CNC Machining,MILLING MACHINE  M/C,QTI/ML-MC/01,Standard,OKUMA & HOWA,Industrial Grade,In Production,
MC-115,Tool Room & CNC Machining,VMC MACHINE  M/C,QTI/VMC-MC/01,Standard,MAKINO,Industrial Grade,In Production,
MC-116,Tool Room & CNC Machining,LATHE MACHINE,QTI/L-MC-08,Standard,AICHI MITSUBISHI HL 300,Industrial Grade,In Production,
MC-117,Tool Room & CNC Machining,DRILLING MACHINE  M/C,QTI/D-MC/04,Standard,SIEG MACHINERY .CO.LTD,Industrial Grade,In Production,
MC-118,Tool Room & CNC Machining,BENCH GRINDING   M/C,QTI/BG-MC/02,Standard,TOYOTA KIRCOSKAR AUTO PARTS PVT.LTD,Industrial Grade,In Production,
MC-119,Laser Cutting & Profiling,LASER CUTTING   M/C,QTI/LC-MC/01,6KW,BODOR,Industrial Grade,In Production,
MC-120,Laser Cutting & Profiling,LASER CUTTING   M/C,QTI/LC-MC/02,6KW,PENTA,Industrial Grade,In Production,
MC-121,Laser Cutting & Profiling,AIR COMPRESSOR,QTI/AC-MC/03,30 KW,SURYA,Industrial Grade,In Production,
MC-122,Turret Punching,TURRET PUNCH M/C,QTI/TP-MC/01,Standard,Special Purpose / OEM,Industrial Grade,In Production,
MC-123,Turret Punching,AIR COMPRESSOR,QTI/AC-MC/04,22 KW,BOGIE,Industrial Grade,In Production,
MC-124,Dispatch & Secondary Finishing,TAPPING M/C,QTI/TP-MC/01,Standard,HITACHI,Industrial Grade,In Production,
MC-125,Dispatch & Secondary Finishing,TAPPING M/C,QTI/TP-MC/02,Standard,Special Purpose / OEM,Industrial Grade,In Production,
MC-126,Dispatch & Secondary Finishing,TAPPING M/C,QTI/TP-MC/03,Standard,Special Purpose / OEM,Industrial Grade,In Production,
MC-127,Dispatch & Secondary Finishing,TAPPING M/C,QTI/TP-MC/04,13MM,ENKON'S,Industrial Grade,In Production,
MC-128,Dispatch & Secondary Finishing,HAND PRESS MACHINE,QTI/HO-MC/01,Standard,STEEL BODY LOVELY,Industrial Grade,In Production,
